Back to Contents,Data 1: U.S. Ending Stocks of Crude Oil (Thousand Barrels),,,
Sourcekey,MCRSTUS1,,,
Date,U.S. Ending Stocks of Crude Oil (Thousand Barrels),,,
Jan-1920,132124,,,
Feb-1920,131099,,,
Mar-1920,130099,,,
Apr-1920,129108,,,
May-1920,128618,,,
Jun-1920,128526,,,
Jul-1920,131229,,,
Aug-1920,132112,,,
Sep-1920,134272,,,
Oct-1920,134360,,,
Nov-1920,136285,,,
Dec-1920,136213,,,
Jan-1921,125589,,,
Feb-1921,132222,,,
Mar-1921,139499,,,
Apr-1921,146399,,,
May-1921,155267,,,
Jun-1921,162463,,,
Jul-1921,168821,,,
Aug-1921,169682,,,
Sep-1921,172874,,,
Oct-1921,174149,,,
Nov-1921,178260,,,
Dec-1921,185623,,,
Jan-1922,196228,,,
Feb-1922,208851,,,
Mar-1922,221588,,,
Apr-1922,235962,,,
May-1922,247093,,,
Jun-1922,255817,,,
Jul-1922,261395,,,
Aug-1922,262707,,,
Sep-1922,263761,,,
Oct-1922,265073,,,
Nov-1922,265017,,,
Dec-1922,264578,,,
Jan-1923,258197,,,
Feb-1923,260717,,,
Mar-1923,264899,,,
Apr-1923,270155,,,
May-1923,279272,,,
Jun-1923,290252,,,
Jul-1923,299368,,,
Aug-1923,307100,,,
Sep-1923,314493,,,
Oct-1923,323789,,,
Nov-1923,332887,,,
Dec-1923,334774,,,
Jan-1924,375415,,,
Feb-1924,378774,,,
Mar-1924,352220,,,
Apr-1924,387998,,,
May-1924,393151,,,
Jun-1924,397039,,,
Jul-1924,401344,,,
Aug-1924,407797,,,
Sep-1924,411524,,,
Oct-1924,409030,,,
Nov-1924,406450,,,
Dec-1924,399792,,,
Jan-1925,419364,,,
Feb-1925,420311,,,
Mar-1925,420636,,,
Apr-1925,423656,,,
May-1925,430075,,,
Jun-1925,431067,,,
Jul-1925,431938,,,
Aug-1925,431202,,,
Sep-1925,433408,,,
Oct-1925,433342,,,
Nov-1925,433468,,,
Dec-1925,431646,,,
Jan-1926,422439,,,
Feb-1926,420531,,,
Mar-1926,420630,,,
Apr-1926,410700,,,
May-1926,409562,,,
Jun-1926,403885,,,
Jul-1926,400312,,,
Aug-1926,397880,,,
Sep-1926,395835,,,
Oct-1926,395366,,,
Nov-1926,394640,,,
Dec-1926,403338,,,
Jan-1927,405296,,,
Feb-1927,410837,,,
Mar-1927,415814,,,
Apr-1927,423856,,,
May-1927,431590,,,
Jun-1927,440438,,,
Jul-1927,448919,,,
Aug-1927,456501,,,
Sep-1927,462931,,,
Oct-1927,466839,,,
Nov-1927,472896,,,
Dec-1927,473379,,,
Jan-1928,481712,,,
Feb-1928,486199,,,
Mar-1928,490818,,,
Apr-1928,492419,,,
May-1928,492473,,,
Jun-1928,491938,,,
Jul-1928,490298,,,
Aug-1928,488934,,,
Sep-1928,486930,,,
Oct-1928,488349,,,
Nov-1928,488193,,,
Dec-1928,491847,,,
Jan-1929,497525,,,
Feb-1929,505920,,,
Mar-1929,512989,,,
Apr-1929,516161,,,
May-1929,518980,,,
Jun-1929,523104,,,
Jul-1929,529983,,,
Aug-1929,538982,,,
Sep-1929,543557,,,
Oct-1929,545186,,,
Nov-1929,539837,,,
Dec-1929,535514,,,
Jan-1930,534938,,,
Feb-1930,539210,,,
Mar-1930,538229,,,
Apr-1930,535850,,,
May-1930,533733,,,
Jun-1930,531135,,,
Jul-1930,530725,,,
Aug-1930,526785,,,
Sep-1930,520900,,,
Oct-1930,518736,,,
Nov-1930,517021,,,
Dec-1930,411882,,,
Jan-1931,409227,,,
Feb-1931,405199,,,
Mar-1931,401515,,,
Apr-1931,400439,,,
May-1931,398972,,,
Jun-1931,397304,,,
Jul-1931,395195,,,
Aug-1931,381356,,,
Sep-1931,370822,,,
Oct-1931,367171,,,
Nov-1931,368585,,,
Dec-1931,370919,,,
Jan-1932,368302,,,
Feb-1932,368353,,,
Mar-1932,371050,,,
Apr-1932,370981,,,
May-1932,369072,,,
Jun-1932,363696,,,
Jul-1932,358308,,,
Aug-1932,354846,,,
Sep-1932,354104,,,
Oct-1932,351893,,,
Nov-1932,348432,,,
Dec-1932,339715,,,
Jan-1933,337483,,,
Feb-1933,337107,,,
Mar-1933,344253,,,
Apr-1933,339140,,,
May-1933,348103,,,
Jun-1933,352756,,,
Jul-1933,355263,,,
Aug-1933,359945,,,
Sep-1933,359904,,,
Oct-1933,356849,,,
Nov-1933,355199,,,
Dec-1933,355312,,,
Jan-1934,353642,,,
Feb-1934,351641,,,
Mar-1934,354067,,,
Apr-1934,354350,,,
May-1934,355883,,,
Jun-1934,357451,,,
Jul-1934,355525,,,
Aug-1934,351092,,,
Sep-1934,349407,,,
Oct-1934,346800,,,
Nov-1934,341403,,,
Dec-1934,337254,,,
Jan-1935,338199,,,
Feb-1935,337349,,,
Mar-1935,339179,,,
Apr-1935,339823,,,
May-1935,338619,,,
Jun-1935,334841,,,
Jul-1935,329459,,,
Aug-1935,325106,,,
Sep-1935,320880,,,
Oct-1935,317955,,,
Nov-1935,315779,,,
Dec-1935,314855,,,
Jan-1936,313081,,,
Feb-1936,310812,,,
Mar-1936,313189,,,
Apr-1936,315389,,,
May-1936,315169,,,
Jun-1936,311046,,,
Jul-1936,306390,,,
Aug-1936,301757,,,
Sep-1936,295693,,,
Oct-1936,292271,,,
Nov-1936,288998,,,
Dec-1936,288579,,,
Jan-1937,287159,,,
Feb-1937,290372,,,
Mar-1937,297896,,,
Apr-1937,304706,,,
May-1937,308719,,,
Jun-1937,309313,,,
Jul-1937,309231,,,
Aug-1937,311440,,,
Sep-1937,310271,,,
Oct-1937,309165,,,
Nov-1937,306457,,,
Dec-1937,306826,,,
Jan-1938,321963,,,
Feb-1938,322639,,,
Mar-1938,326194,,,
Apr-1938,324886,,,
May-1938,317021,,,
Jun-1938,310729,,,
Jul-1938,306970,,,
Aug-1938,303845,,,
Sep-1938,300291,,,
Oct-1938,294565,,,
Nov-1938,290535,,,
Dec-1938,291425,,,
Jan-1939,288702,,,
Feb-1939,289776,,,
Mar-1939,292169,,,
Apr-1939,293763,,,
May-1939,292579,,,
Jun-1939,287521,,,
Jul-1939,284945,,,
Aug-1939,252732,,,
Sep-1939,248640,,,
Oct-1939,244924,,,
Nov-1939,247691,,,
Dec-1939,238910,,,
Jan-1940,245762,,,
Feb-1940,248004,,,
Mar-1940,253118,,,
Apr-1940,253143,,,
May-1940,254163,,,
Jun-1940,251200,,,
Jul-1940,250097,,,
Aug-1940,247629,,,
Sep-1940,245727,,,
Oct-1940,248702,,,
Nov-1940,251449,,,
Dec-1940,276615,,,
Jan-1941,251795,,,
Feb-1941,276318,,,
Mar-1941,278156,,,
Apr-1941,277814,,,
May-1941,273352,,,
Jun-1941,269786,,,
Jul-1941,266263,,,
Aug-1941,260562,,,
Sep-1941,256432,,,
Oct-1941,253604,,,
Nov-1941,253882,,,
Dec-1941,257678,,,
Jan-1942,264074,,,
Feb-1942,272073,,,
Mar-1942,273569,,,
Apr-1942,269195,,,
May-1942,265745,,,
Jun-1942,262313,,,
Jul-1942,255976,,,
Aug-1942,254831,,,
Sep-1942,250210,,,
Oct-1942,248229,,,
Nov-1942,244824,,,
Dec-1942,245754,,,
Jan-1943,245762,,,
Feb-1943,248004,,,
Mar-1943,253118,,,
Apr-1943,253143,,,
May-1943,254089,,,
Jun-1943,251200,,,
Jul-1943,250103,,,
Aug-1943,247629,,,
Sep-1943,245727,,,
Oct-1943,248702,,,
Nov-1943,251449,,,
Dec-1943,249404,,,
Jan-1944,248097,,,
Feb-1944,248271,,,
Mar-1944,242773,,,
Apr-1944,241167,,,
May-1944,241430,,,
Jun-1944,235749,,,
Jul-1944,229689,,,
Aug-1944,230192,,,
Sep-1944,229337,,,
Oct-1944,229987,,,
Nov-1944,229241,,,
Dec-1944,226770,,,
Jan-1945,221737,,,
Feb-1945,220221,,,
Mar-1945,223988,,,
Apr-1945,224229,,,
May-1945,223151,,,
Jun-1945,218218,,,
Jul-1945,216638,,,
Aug-1945,215135,,,
Sep-1945,220319,,,
Oct-1945,221246,,,
Nov-1945,218916,,,
Dec-1945,218763,,,
Jan-1946,223442,,,
Feb-1946,227220,,,
Mar-1946,221400,,,
Apr-1946,222480,,,
May-1946,221592,,,
Jun-1946,223140,,,
Jul-1946,224351,,,
Aug-1946,224157,,,
Sep-1946,222417,,,
Oct-1946,222177,,,
Nov-1946,226453,,,
Dec-1946,224473,,,
Jan-1947,223848,,,
Feb-1947,225121,,,
Mar-1947,228981,,,
Apr-1947,235710,,,
May-1947,237768,,,
Jun-1947,237278,,,
Jul-1947,230974,,,
Aug-1947,228523,,,
Sep-1947,225258,,,
Oct-1947,226666,,,
Nov-1947,225462,,,
Dec-1947,224929,,,
Jan-1948,229842,,,
Feb-1948,231419,,,
Mar-1948,234164,,,
Apr-1948,234506,,,
May-1948,231318,,,
Jun-1948,231412,,,
Jul-1948,231955,,,
Aug-1948,231954,,,
Sep-1948,237302,,,
Oct-1948,243972,,,
Nov-1948,250243,,,
Dec-1948,256254,,,
Jan-1949,258648,,,
Feb-1949,265216,,,
Mar-1949,269341,,,
Apr-1949,272520,,,
May-1949,273912,,,
Jun-1949,274691,,,
Jul-1949,267586,,,
Aug-1949,260585,,,
Sep-1949,251689,,,
Oct-1949,250809,,,
Nov-1949,256010,,,
Dec-1949,253356,,,
Jan-1950,246610,,,
Feb-1950,243750,,,
Mar-1950,241230,,,
Apr-1950,244605,,,
May-1950,239877,,,
Jun-1950,242287,,,
Jul-1950,240270,,,
Aug-1950,237393,,,
Sep-1950,242311,,,
Oct-1950,246424,,,
Nov-1950,249525,,,
Dec-1950,248463,,,
Jan-1951,243107,,,
Feb-1951,235247,,,
Mar-1951,233824,,,
Apr-1951,243180,,,
May-1951,248418,,,
Jun-1951,248170,,,
Jul-1951,250847,,,
Aug-1951,254276,,,
Sep-1951,254900,,,
Oct-1951,262266,,,
Nov-1951,261100,,,
Dec-1951,255783,,,
Jan-1952,254007,,,
Feb-1952,255900,,,
Mar-1952,259126,,,
Apr-1952,270679,,,
May-1952,290813,,,
Jun-1952,285964,,,
Jul-1952,275951,,,
Aug-1952,264368,,,
Sep-1952,264723,,,
Oct-1952,269776,,,
Nov-1952,267852,,,
Dec-1952,271928,,,
Jan-1953,272250,,,
Feb-1953,273589,,,
Mar-1953,275665,,,
Apr-1953,278943,,,
May-1953,278575,,,
Jun-1953,281744,,,
Jul-1953,282915,,,
Aug-1953,283666,,,
Sep-1953,287694,,,
Oct-1953,285490,,,
Nov-1953,280817,,,
Dec-1953,274445,,,
Jan-1954,268531,,,
Feb-1954,264629,,,
Mar-1954,269620,,,
Apr-1954,278055,,,
May-1954,280050,,,
Jun-1954,282888,,,
Jul-1954,282665,,,
Aug-1954,277929,,,
Sep-1954,272502,,,
Oct-1954,267346,,,
Nov-1954,264566,,,
Dec-1954,258385,,,
Jan-1955,260156,,,
Feb-1955,258630,,,
Mar-1955,264430,,,
Apr-1955,275232,,,
May-1955,276948,,,
Jun-1955,270850,,,
Jul-1955,264601,,,
Aug-1955,256427,,,
Sep-1955,256269,,,
Oct-1955,259201,,,
Nov-1955,260707,,,
Dec-1955,265610,,,
Jan-1956,261592,,,
Feb-1956,259504,,,
Mar-1956,265683,,,
Apr-1956,277121,,,
May-1956,277497,,,
Jun-1956,274491,,,
Jul-1956,277008,,,
Aug-1956,279944,,,
Sep-1956,278791,,,
Oct-1956,286560,,,
Nov-1956,275995,,,
Dec-1956,266014,,,
Jan-1957,256244,,,
Feb-1957,256344,,,
Mar-1957,254911,,,
Apr-1957,265796,,,
May-1957,275963,,,
Jun-1957,284312,,,
Jul-1957,288241,,,
Aug-1957,283388,,,
Sep-1957,280469,,,
Oct-1957,284517,,,
Nov-1957,281769,,,
Dec-1957,281813,,,
Jan-1958,284539,,,
Feb-1958,285048,,,
Mar-1958,278534,,,
Apr-1958,273959,,,
May-1958,263105,,,
Jun-1958,253550,,,
Jul-1958,246556,,,
Aug-1958,244810,,,
Sep-1958,251701,,,
Oct-1958,255345,,,
Nov-1958,257456,,,
Dec-1958,262730,,,
Jan-1959,258108,,,
Feb-1959,260040,,,
Mar-1959,254940,,,
Apr-1959,257564,,,
May-1959,264525,,,
Jun-1959,272505,,,
Jul-1959,264994,,,
Aug-1959,253091,,,
Sep-1959,250996,,,
Oct-1959,257487,,,
Nov-1959,255953,,,
Dec-1959,257129,,,
Jan-1960,252206,,,
Feb-1960,257028,,,
Mar-1960,260923,,,
Apr-1960,266178,,,
May-1960,261312,,,
Jun-1960,257301,,,
Jul-1960,242745,,,
Aug-1960,234091,,,
Sep-1960,231966,,,
Oct-1960,232990,,,
Nov-1960,239528,,,
Dec-1960,239800,,,
Jan-1961,244664,,,
Feb-1961,242444,,,
Mar-1961,240166,,,
Apr-1961,245632,,,
May-1961,255859,,,
Jun-1961,255676,,,
Jul-1961,247740,,,
Aug-1961,242418,,,
Sep-1961,243588,,,
Oct-1961,244226,,,
Nov-1961,251719,,,
Dec-1961,244664,,,
Jan-1962,242444,,,
Feb-1962,240166,,,
Mar-1962,245632,,,
Apr-1962,255859,,,
May-1962,255676,,,
Jun-1962,247740,,,
Jul-1962,242418,,,
Aug-1962,243588,,,
Sep-1962,244226,,,
Oct-1962,251719,,,
Nov-1962,256284,,,
Dec-1962,252011,,,
Jan-1963,249209,,,
Feb-1963,240396,,,
Mar-1963,241029,,,
Apr-1963,251391,,,
May-1963,255666,,,
Jun-1963,250036,,,
Jul-1963,249962,,,
Aug-1963,249077,,,
Sep-1963,248261,,,
Oct-1963,245539,,,
Nov-1963,244387,,,
Dec-1963,237361,,,
Jan-1964,241007,,,
Feb-1964,240062,,,
Mar-1964,246863,,,
Apr-1964,253912,,,
May-1964,257322,,,
Jun-1964,251230,,,
Jul-1964,246333,,,
Aug-1964,237912,,,
Sep-1964,232780,,,
Oct-1964,235233,,,
Nov-1964,236809,,,
Dec-1964,230057,,,
Jan-1965,230165,,,
Feb-1965,230268,,,
Mar-1965,239563,,,
Apr-1965,251375,,,
May-1965,255071,,,
Jun-1965,253586,,,
Jul-1965,242101,,,
Aug-1965,236381,,,
Sep-1965,231100,,,
Oct-1965,231816,,,
Nov-1965,226697,,,
Dec-1965,220289,,,
Jan-1966,220302,,,
Feb-1966,223422,,,
Mar-1966,233224,,,
Apr-1966,245232,,,
May-1966,250418,,,
Jun-1966,253388,,,
Jul-1966,246877,,,
Aug-1966,245347,,,
Sep-1966,238198,,,
Oct-1966,236092,,,
Nov-1966,241692,,,
Dec-1966,238391,,,
Jan-1967,250646,,,
Feb-1967,252388,,,
Mar-1967,258106,,,
Apr-1967,266755,,,
May-1967,268845,,,
Jun-1967,261615,,,
Jul-1967,256242,,,
Aug-1967,261566,,,
Sep-1967,257286,,,
Oct-1967,255114,,,
Nov-1967,254185,,,
Dec-1967,248970,,,
Jan-1968,244946,,,
Feb-1968,245271,,,
Mar-1968,256864,,,
Apr-1968,262087,,,
May-1968,262021,,,
Jun-1968,264896,,,
Jul-1968,265755,,,
Aug-1968,266368,,,
Sep-1968,262771,,,
Oct-1968,266330,,,
Nov-1968,271587,,,
Dec-1968,272193,,,
Jan-1969,279483,,,
Feb-1969,265298,,,
Mar-1969,264178,,,
Apr-1969,273204,,,
May-1969,281271,,,
Jun-1969,284544,,,
Jul-1969,277482,,,
Aug-1969,267721,,,
Sep-1969,262528,,,
Oct-1969,264285,,,
Nov-1969,264756,,,
Dec-1969,265227,,,
Jan-1970,267087,,,
Feb-1970,269628,,,
Mar-1970,274643,,,
Apr-1970,278037,,,
May-1970,284824,,,
Jun-1970,279894,,,
Jul-1970,266854,,,
Aug-1970,254144,,,
Sep-1970,259196,,,
Oct-1970,265479,,,
Nov-1970,271303,,,
Dec-1970,276367,,,
Jan-1971,269806,,,
Feb-1971,266864,,,
Mar-1971,267246,,,
Apr-1971,271445,,,
May-1971,284320,,,
Jun-1971,279337,,,
Jul-1971,273235,,,
Aug-1971,272417,,,
Sep-1971,269771,,,
Oct-1971,265899,,,
Nov-1971,265552,,,
Dec-1971,259648,,,
Jan-1972,251012,,,
Feb-1972,252945,,,
Mar-1972,258902,,,
Apr-1972,266636,,,
May-1972,279490,,,
Jun-1972,271381,,,
Jul-1972,265843,,,
Aug-1972,257976,,,
Sep-1972,250802,,,
Oct-1972,253748,,,
Nov-1972,251306,,,
Dec-1972,246395,,,
Jan-1973,237469,,,
Feb-1973,235362,,,
Mar-1973,244131,,,
Apr-1973,248783,,,
May-1973,257867,,,
Jun-1973,248857,,,
Jul-1973,243673,,,
Aug-1973,248314,,,
Sep-1973,241276,,,
Oct-1973,246297,,,
Nov-1973,249998,,,
Dec-1973,242478,,,
Jan-1974,233035,,,
Feb-1974,240723,,,
Mar-1974,244665,,,
Apr-1974,256385,,,
May-1974,269455,,,
Jun-1974,268765,,,
Jul-1974,268686,,,
Aug-1974,264840,,,
Sep-1974,266726,,,
Oct-1974,269437,,,
Nov-1974,271144,,,
Dec-1974,265020,,,
Jan-1975,270462,,,
Feb-1975,276755,,,
Mar-1975,279989,,,
Apr-1975,281908,,,
May-1975,280961,,,
Jun-1975,276132,,,
Jul-1975,264157,,,
Aug-1975,256616,,,
Sep-1975,259446,,,
Oct-1975,269584,,,
Nov-1975,270950,,,
Dec-1975,271354,,,
Jan-1976,289296,,,
Feb-1976,277414,,,
Mar-1976,283112,,,
Apr-1976,286628,,,
May-1976,283982,,,
Jun-1976,281715,,,
Jul-1976,282599,,,
Aug-1976,277272,,,
Sep-1976,284357,,,
Oct-1976,297683,,,
Nov-1976,298836,,,
Dec-1976,285471,,,
Jan-1977,294116,,,
Feb-1977,291462,,,
Mar-1977,299533,,,
Apr-1977,318872,,,
May-1977,328755,,,
Jun-1977,333746,,,
Jul-1977,335313,,,
Aug-1977,338865,,,
Sep-1977,334133,,,
Oct-1977,343195,,,
Nov-1977,350281,,,
Dec-1977,347683,,,
Jan-1978,352477,,,
Feb-1978,350166,,,
Mar-1978,363919,,,
Apr-1978,365188,,,
May-1978,354730,,,
Jun-1978,363480,,,
Jul-1978,368157,,,
Aug-1978,357834,,,
Sep-1978,368262,,,
Oct-1978,378194,,,
Nov-1978,381357,,,
Dec-1978,376281,,,
Jan-1979,375201,,,
Feb-1979,380540,,,
Mar-1979,399191,,,
Apr-1979,402942,,,
May-1979,403202,,,
Jun-1979,414427,,,
Jul-1979,403047,,,
Aug-1979,412154,,,
Sep-1979,415128,,,
Oct-1979,436045,,,
Nov-1979,438606,,,
Dec-1979,430265,,,
Jan-1980,448691,,,
Feb-1980,457156,,,
Mar-1980,458611,,,
Apr-1980,470979,,,
May-1980,474611,,,
Jun-1980,472663,,,
Jul-1980,469933,,,
Aug-1980,478414,,,
Sep-1980,469212,,,
Oct-1980,475148,,,
Nov-1980,475397,,,
Dec-1980,465966,,,
Jan-1981,486445,,,
Feb-1981,494218,,,
Mar-1981,513814,,,
Apr-1981,531667,,,
May-1981,543776,,,
Jun-1981,547817,,,
Jul-1981,558980,,,
Aug-1981,546675,,,
Sep-1981,555229,,,
Oct-1981,578800,,,
Nov-1981,588537,,,
Dec-1981,593805,,,
Jan-1982,606233,,,
Feb-1982,613003,,,
Mar-1982,609246,,,
Apr-1982,610353,,,
May-1982,609458,,,
Jun-1982,608271,,,
Jul-1982,612835,,,
Aug-1982,626462,,,
Sep-1982,618559,,,
Oct-1982,635561,,,
Nov-1982,647513,,,
Dec-1982,643557,,,
Jan-1983,660448,,,
Feb-1983,669398,,,
Mar-1983,666833,,,
Apr-1983,678885,,,
May-1983,679354,,,
Jun-1983,683014,,,
Jul-1983,675803,,,
Aug-1983,700482,,,
Sep-1983,707659,,,
Oct-1983,716159,,,
Nov-1983,712725,,,
Dec-1983,722939,,,
Jan-1984,733109,,,
Feb-1984,727398,,,
Mar-1984,728184,,,
Apr-1984,742474,,,
May-1984,763473,,,
Jun-1984,766593,,,
Jul-1984,771821,,,
Aug-1984,764083,,,
Sep-1984,756276,,,
Oct-1984,779810,,,
Nov-1984,786885,,,
Dec-1984,795881,,,
Jan-1985,793536,,,
Feb-1985,781647,,,
Mar-1985,791241,,,
Apr-1985,806848,,,
May-1985,828560,,,
Jun-1985,820629,,,
Jul-1985,810515,,,
Aug-1985,805600,,,
Sep-1985,806620,,,
Oct-1985,803568,,,
Nov-1985,812407,,,
Dec-1985,814208,,,
Jan-1986,826069,,,
Feb-1986,827105,,,
Mar-1986,837792,,,
Apr-1986,836572,,,
May-1986,828517,,,
Jun-1986,828441,,,
Jul-1986,845198,,,
Aug-1986,837687,,,
Sep-1986,844184,,,
Oct-1986,851406,,,
Nov-1986,848555,,,
Dec-1986,842789,,,
Jan-1987,847939,,,
Feb-1987,848567,,,
Mar-1987,852438,,,
Apr-1987,850940,,,
May-1987,849832,,,
Jun-1987,854785,,,
Jul-1987,853762,,,
Aug-1987,864446,,,
Sep-1987,871054,,,
Oct-1987,891546,,,
Nov-1987,902184,,,
Dec-1987,889643,,,
Jan-1988,888303,,,
Feb-1988,892167,,,
Mar-1988,898941,,,
Apr-1988,904635,,,
May-1988,907614,,,
Jun-1988,908914,,,
Jul-1988,900834,,,
Aug-1988,885709,,,
Sep-1988,883219,,,
Oct-1988,895589,,,
Nov-1988,895687,,,
Dec-1988,889874,,,
Jan-1989,895431,,,
Feb-1989,896735,,,
Mar-1989,892794,,,
Apr-1989,907605,,,
May-1989,916017,,,
Jun-1989,902986,,,
Jul-1989,907582,,,
Aug-1989,916352,,,
Sep-1989,912019,,,
Oct-1989,914281,,,
Nov-1989,930496,,,
Dec-1989,921148,,,
Jan-1990,929603,,,
Feb-1990,920353,,,
Mar-1990,953124,,,
Apr-1990,953890,,,
May-1990,968727,,,
Jun-1990,970901,,,
Jul-1990,966139,,,
Aug-1990,959106,,,
Sep-1990,932216,,,
Oct-1990,935670,,,
Nov-1990,924744,,,
Dec-1990,908387,,,
Jan-1991,906188,,,
Feb-1991,912662,,,
Mar-1991,905253,,,
Apr-1991,906741,,,
May-1991,924291,,,
Jun-1991,915330,,,
Jul-1991,910602,,,
Aug-1991,913810,,,
Sep-1991,909144,,,
Oct-1991,910739,,,
Nov-1991,912029,,,
Dec-1991,893102,,,
Jan-1992,909844,,,
Feb-1992,914810,,,
Mar-1992,907047,,,
Apr-1992,916506,,,
May-1992,912027,,,
Jun-1992,894593,,,
Jul-1992,902156,,,
Aug-1992,898308,,,
Sep-1992,893496,,,
Oct-1992,906237,,,
Nov-1992,899424,,,
Dec-1992,892864,,,
Jan-1993,902010,,,
Feb-1993,908143,,,
Mar-1993,914724,,,
Apr-1993,930413,,,
May-1993,934981,,,
Jun-1993,935029,,,
Jul-1993,935206,,,
Aug-1993,919558,,,
Sep-1993,906389,,,
Oct-1993,916568,,,
Nov-1993,924101,,,
Dec-1993,922465,,,
Jan-1994,925259,,,
Feb-1994,922544,,,
Mar-1994,932601,,,
Apr-1994,930564,,,
May-1994,922722,,,
Jun-1994,919603,,,
Jul-1994,924200,,,
Aug-1994,920194,,,
Sep-1994,927002,,,
Oct-1994,934912,,,
Nov-1994,937960,,,
Dec-1994,928915,,,
Jan-1995,922134,,,
Feb-1995,920756,,,
Mar-1995,931158,,,
Apr-1995,928116,,,
May-1995,924021,,,
Jun-1995,919583,,,
Jul-1995,907269,,,
Aug-1995,899423,,,
Sep-1995,897514,,,
Oct-1995,902735,,,
Nov-1995,910629,,,
Dec-1995,894968,,,
Jan-1996,894711,,,
Feb-1996,892886,,,
Mar-1996,888782,,,
Apr-1996,889663,,,
May-1996,889730,,,
Jun-1996,898889,,,
Jul-1996,891317,,,
Aug-1996,890731,,,
Sep-1996,875775,,,
Oct-1996,881542,,,
Nov-1996,869110,,,
Dec-1996,849669,,,
Jan-1997,863988,,,
Feb-1997,860581,,,
Mar-1997,876687,,,
Apr-1997,882597,,,
May-1997,889737,,,
Jun-1997,883778,,,
Jul-1997,873145,,,
Aug-1997,864360,,,
Sep-1997,867219,,,
Oct-1997,879396,,,
Nov-1997,886952,,,
Dec-1997,868119,,,
Jan-1998,880184,,,
Feb-1998,881231,,,
Mar-1998,897910,,,
Apr-1998,914575,,,
May-1998,914303,,,
Jun-1998,895705,,,
Jul-1998,901494,,,
Aug-1998,892418,,,
Sep-1998,873199,,,
Oct-1998,894173,,,
Nov-1998,903793,,,
Dec-1998,894948,,,
Jan-1999,904161,,,
Feb-1999,905571,,,
Mar-1999,916948,,,
Apr-1999,907930,,,
May-1999,913582,,,
Jun-1999,906519,,,
Jul-1999,907568,,,
Aug-1999,890031,,,
Sep-1999,878988,,,
Oct-1999,876338,,,
Nov-1999,867442,,,
Dec-1999,851723,,,
Jan-2000,852375,,,
Feb-2000,855217,,,
Mar-2000,866500,,,
Apr-2000,873246,,,
May-2000,864125,,,
Jun-2000,859516,,,
Jul-2000,852541,,,
Aug-2000,858652,,,
Sep-2000,848239,,,
Oct-2000,842376,,,
Nov-2000,833947,,,
Dec-2000,826185,,,
Jan-2001,836002,,,
Feb-2001,824144,,,
Mar-2001,850834,,,
Apr-2001,872927,,,
May-2001,871634,,,
Jun-2001,851519,,,
Jul-2001,856617,,,
Aug-2001,851669,,,
Sep-2001,854047,,,
Oct-2001,858443,,,
Nov-2001,859515,,,
Dec-2001,862221,,,
Jan-2002,874899,,,
Feb-2002,887308,,,
Mar-2002,894990,,,
Apr-2002,891391,,,
May-2002,898286,,,
Jun-2002,894005,,,
Jul-2002,882788,,,
Aug-2002,878478,,,
Sep-2002,857873,,,
Oct-2002,881093,,,
Nov-2002,883966,,,
Dec-2002,876705,,,
Jan-2003,873292,,,
Feb-2003,870333,,,
Mar-2003,880834,,,
Apr-2003,890960,,,
May-2003,888639,,,
Jun-2003,893135,,,
Jul-2003,897329,,,
Aug-2003,897795,,,
Sep-2003,911019,,,
Oct-2003,925515,,,
Nov-2003,914825,,,
Dec-2003,907263,,,
Jan-2004,912762,,,
Feb-2004,931178,,,
Mar-2004,949487,,,
Apr-2004,961512,,,
May-2004,965847,,,
Jun-2004,967223,,,
Jul-2004,960090,,,
Aug-2004,947645,,,
Sep-2004,943221,,,
Oct-2004,956988,,,
Nov-2004,961002,,,
Dec-2004,961341,,,
Jan-2005,965731,,,
Feb-2005,984154,,,
Mar-2005,1008009,,,
Apr-2005,1029508,,,
May-2005,1030109,,,
Jun-2005,1024323,,,
Jul-2005,1017210,,,
Aug-2005,1010342,,,
Sep-2005,1000000,,,
Oct-2005,1007378,,,
Nov-2005,1008073,,,
Dec-2005,1008248,,,
Jan-2006,1006771,,,
Feb-2006,1027355,,,
Mar-2006,1028796,,,
Apr-2006,1035548,,,
May-2006,1029235,,,
Jun-2006,1024582,,,
Jul-2006,1019389,,,
Aug-2006,1020691,,,
Sep-2006,1020557,,,
Oct-2006,1027920,,,
Nov-2006,1023105,,,
Dec-2006,1000881,,,
Jan-2007,1013154,,,
Feb-2007,1006176,,,
Mar-2007,1019477,,,
Apr-2007,1031363,,,
May-2007,1043577,,,
Jun-2007,1044341,,,
Jul-2007,1026994,,,
Aug-2007,1010976,,,
Sep-2007,1003915,,,
Oct-2007,1001368,,,
Nov-2007,995028,,,
Dec-2007,983046,,,
Jan-2008,994556,,,
Feb-2008,1001113,,,
Mar-2008,1015031,,,
Apr-2008,1021207,,,
May-2008,1007904,,,
Jun-2008,1001727,,,
Jul-2008,1002447,,,
Aug-2008,1009726,,,
Sep-2008,1006449,,,
Oct-2008,1014474,,,
Nov-2008,1023394,,,
Dec-2008,1027663,,,
Jan-2009,1055123,,,
Feb-2009,1063107,,,
Mar-2009,1079743,,,
Apr-2009,1089701,,,
May-2009,1081199,,,
Jun-2009,1071164,,,
Jul-2009,1069522,,,
Aug-2009,1059675,,,
Sep-2009,1060097,,,
Oct-2009,1057583,,,
Nov-2009,1063042,,,
Dec-2009,1051795,,,
Jan-2010,1063427,,,
Feb-2010,1069824,,,
Mar-2010,1085849,,,
Apr-2010,1089867,,,
May-2010,1088539,,,
Jun-2010,1092088,,,
Jul-2010,1084195,,,
Aug-2010,1085902,,,
Sep-2010,1089348,,,
Oct-2010,1094142,,,
Nov-2010,1079022,,,
Dec-2010,1059975,,,
Jan-2011,1071588,,,
Feb-2011,1075009,,,
Mar-2011,1086755,,,
Apr-2011,1093083,,,
May-2011,1094891,,,
Jun-2011,1082294,,,
Jul-2011,1064555,,,
Aug-2011,1043217,,,
Sep-2011,1026138,,,
Oct-2011,1032926,,,
Nov-2011,1032824,,,
Dec-2011,1026630,,,
Jan-2012,1039424,,,
Feb-2012,1044434,,,
Mar-2012,1069147,,,
Apr-2012,1078809,,,
May-2012,1083886,,,
Jun-2012,1083932,,,
Jul-2012,1068614,,,
Aug-2012,1058374,,,
Sep-2012,1064912,,,
Oct-2012,1071261,,,
Nov-2012,1074360,,,
Dec-2012,1060764,,,
Jan-2013,1073221,,,
Feb-2013,1081179,,,
Mar-2013,1089098,,,
Apr-2013,1092400,,,
May-2013,1088008,,,
Jun-2013,1073405,,,
Jul-2013,1063852,,,
Aug-2013,1061699,,,
Sep-2013,1068987,,,
Oct-2013,1077631,,,
Nov-2013,1069594,,,
Dec-2013,1053032,,,
Jan-2014,1063362,,,
Feb-2014,1072612,,,
Mar-2014,1082585,,,
Apr-2014,1090435,,,
May-2014,1088004,,,
Jun-2014,1076983,,,
Jul-2014,1061452,,,
Aug-2014,1053499,,,
Sep-2014,1054294,,,
Oct-2014,1073953,,,
Nov-2014,1080012,,,
Dec-2014,1084300,,,
Jan-2015,1112428,,,
Feb-2015,1138992,,,
Mar-2015,1165765,,,
Apr-2015,1174326,,,
May-2015,1171680,,,
Jun-2015,1163430,,,
Jul-2015,1150604,,,
Aug-2015,1152940,,,
Sep-2015,1155914,,,
Oct-2015,1181826,,,
Nov-2015,1182541,,,
Dec-2015,1176487,,,
Jan-2016,1195186,,,
,,,,